case,primary_nm,secondary_nm,time_h,live_fraction,committed_fraction,membrane_compromised_cumulative,permeability_fluorescence,atp_proxy,caspase_proxy,ldh_proxy,surface_complex_copies,internalized_complex_copies,payload_copies,delivered_payload_cumulative,damage,core_committed,rim_committed,R_copies_per_initial_cell,B_copies_per_initial_cell,T_copies_per_initial_cell,U_copies_per_initial_cell,V_copies_per_initial_cell,W_copies_per_initial_cell,surface_receptors_per_initial_cell,delivery_per_initial_cell_per_h,payload_loss_per_initial_cell_per_h,E_fraction,D_fraction
sampled_peak,8.25404185268019,3.0,0.0,1.0,0.0,0.0,0.0,1.0,0.0,0.0,0.0,0.0,0.0,0.0,0.0,0.0,0.0,100000.0,0.0,0.0,33966.73797345051,0.0,0.0,100000.0,0.0,0.0,0.0,0.0
sampled_peak,8.25404185268019,3.0,6.0,0.9999845176417629,1.5482358237117744e-05,1.1442042689697037e-06,1.2044055688224052e-06,0.9919841389177871,1.4338153968939383e-05,1.1293759548927765e-06,13283.19201168078,4466.637951360856,107.12959907050883,117.20202123896011,0.022899227295468713,4.3158809859278335e-12,2.1998416654178676e-05,40093.850616944976,34784.70015515515,13283.19201168078,27394.778566229477,12488.2141441293,4466.637951360856,88161.74278378091,51.600625042797134,6.188048295853378,1.4338153968939383e-05,1.1442042689697037e-06
sampled_peak,8.25404185268019,3.0,12.0,0.9857370731420534,0.014262926857946612,0.002546126987862252,0.0026795718568746567,0.9381269121718052,0.011716799870085186,0.002463609495295385,14953.621347604712,9721.068338070907,513.2711791563748,624.4100402750969,0.17007678117152764,1.5358896221506768e-07,0.020226865176870334,23777.797617779648,35488.13538819767,14953.621347604712,18605.493196249146,24626.03202529337,9721.068338070907,74219.55435358203,112.30218517607337,29.647705891243312,0.011716799870085184,0.002546126987862252
sampled_peak,8.25404185268019,3.0,24.0,0.6053398609144114,0.3946601390855886,0.20480235548087228,0.21336504044529864,0.6500706630946628,0.18985778360471722,0.18140920778715655,14659.928079858266,13857.22607352821,1509.5726092470068,2329.8711622854994,0.5368312473166086,0.0058086969222417295,0.5015376457619061,11007.386558432478,32764.898061881326,14659.928079858266,8310.249665080742,32221.66083437245,13857.226073528213,58432.212700172066,160.0849530541307,87.19633316250689,0.18985778360471722,0.2048023554808723
sampled_peak,8.25404185268019,3.0,48.0,0.0718177112081848,0.9281822887918152,0.8483287503440611,0.8547089518859675,0.1114133043562496,0.07985353844775489,0.522732749896033,12607.08133895929,13430.716693512957,2464.4918749294184,6210.521386250367,0.7692003059283445,0.742473102012752,0.9513116303285856,7140.680487838954,26268.098554322485,12607.08133895929,2942.2836233729454,28593.0120802129,13430.716693512957,46015.86038112073,155.15772348346496,142.3546328850183,0.07985353844775489,0.8483287503440611
sampled_peak,8.25404185268019,3.0,72.0,0.00645466289237407,0.9935453371076259,0.984257170876047,0.9850579964545967,0.01141816330104192,0.009288166231579804,0.34014427037838957,11418.476938083928,12018.474425723074,2493.537538839536,9724.374114422688,0.7870267309318785,0.9756526522859359,0.9956995786394249,6494.392513178088,23363.9454837586,11418.476938083926,2294.5451291098134,24740.692071009933,12018.474425723072,41276.814935020615,138.84286104702923,144.03237622225078,0.009288166231579804,0.984257170876047
primary_excess,1000.0,3.0,0.0,1.0,0.0,0.0,0.0,1.0,0.0,0.0,0.0,0.0,0.0,0.0,0.0,0.0,0.0,100000.0,0.0,0.0,33966.73797345051,0.0,0.0,100000.0,0.0,0.0,0.0,0.0
primary_excess,1000.0,3.0,6.0,0.9999999988246467,1.1753532591640692e-09,1.0352173258946363e-10,1.0613143156531025e-10,0.9996131216972057,1.0718319095313592e-09,1.0191357115824513e-10,203.27842091455346,107.3423081067954,3.627633896471569,4.073734307241122,0.0011053662837553037,4.0305825343978086e-10,1.3903347362287377e-09,78.68597087320151,70032.079996046,203.27842091455346,16897.850346141808,41392.81829056315,107.3423081067954,70314.04438783375,1.2400669703170366,0.20954035062024637,1.0718319095313594e-09,1.0352173258946363e-10
primary_excess,1000.0,3.0,12.0,0.9999994276982838,5.723017162395649e-07,1.0058405655667825e-07,1.0228400314531036e-07,0.9976557824672494,4.717176601602351e-07,9.725293745687704e-08,172.84332678638606,148.49689433253474,10.372929934216348,13.232436653380267,0.0066974776781649915,3.133597845650371e-07,6.404739868459686e-07,65.15197377301465,58009.734868934094,172.84332678638603,8348.338078976129,52713.235733054964,148.49689433253474,58247.730169493494,1.7155033938084097,0.59916392817066,4.7171766016023505e-07,1.0058405655667825e-07
primary_excess,1000.0,3.0,24.0,0.9998874947566829,0.00011250524331707368,3.861304535598999e-05,3.898811786035918e-05,0.9898786494348577,7.38921979614286e-05,3.5718112969564244e-05,143.87294855304086,154.17973014866064,20.72740716141538,34.74879134058731,0.028808937851316135,8.297331853601708e-05,0.00012001511234283058,54.02241565826168,47994.17036672596,143.87294855304086,2046.5724362659596,52275.03530639499,154.17973014866064,48192.06573093726,1.7811540875339553,1.1972619861877574,7.38921979614286e-05,3.861304535598999e-05
primary_excess,1000.0,3.0,48.0,0.9944025039769877,0.005597496023012294,0.0034031444537827686,0.003419164912630475,0.9709198754461091,0.0021943515692300192,0.002784082131485912,119.1247922443533,128.77550118553756,25.916954843948922,73.8839263421732,0.07361349152945243,0.0048862489012477806,0.005775806384538673,45.311046673426546,39640.27079552866,119.1247922443533,136.32815285704342,42924.971954452776,128.77550118553756,39804.70663444644,1.4876729261991544,1.497022014898551,0.0021943515692300192,0.003403144453782768
primary_excess,1000.0,3.0,72.0,0.9743781565865314,0.025621843413468626,0.019791091990523417,0.0198466640850951,0.9476282295880729,0.005830751422945616,0.013664735027371972,108.3868616563602,113.93496451828028,24.301158606332812,107.27547592303482,0.09496753700226976,0.023672572033933137,0.026110336547111368,41.696540112750334,36057.80125377162,108.3868616563602,21.66775012424392,37909.90060011389,113.93496451828028,36207.88465554073,1.3162283237173897,1.4036899643599698,0.005830751422945617,0.019791091990523417
more_secondary,1000.0,100.0,0.0,1.0,0.0,0.0,0.0,1.0,0.0,0.0,0.0,0.0,0.0,0.0,0.0,0.0,0.0,100000.0,0.0,0.0,33966.73797345051,0.0,0.0,100000.0,0.0,0.0,0.0,0.0
more_secondary,1000.0,100.0,6.0,0.9999631171684507,3.688283154934524e-05,3.359303264505926e-06,3.4382022132336712e-06,0.9879599856706517,3.352352828627735e-05,3.305650166881246e-06,6800.7199133410195,3620.3138796647154,122.98622597397468,138.16081945480252,0.034390561414481186,1.3916650299594657e-05,4.307485995391769e-05,78.70406038607426,63439.76820618781,6800.7199133410195,16901.288284798826,37873.66660250763,3620.3138796647154,70319.1921799149,41.82350597386058,7.103962981797405,3.352352828627735e-05,3.3593032645059266e-06
more_secondary,1000.0,100.0,12.0,0.9897227547556342,0.010277245244365796,0.0020113360312844315,0.00203961887150077,0.938883956820816,0.008265909213083174,0.0019380724668428828,5767.152045837698,4976.317363611729,349.2126133665537,445.8358535484593,0.16921355229861712,0.006401360002027068,0.011247663268815211,65.16096316030162,52417.753002921854,5767.152045837698,8350.035976648862,47884.081619469755,4976.317363611728,58250.06601191985,57.48867250264949,20.171311530916412,0.008265909213083173,0.0020113360312844315
more_secondary,1000.0,100.0,24.0,0.653574494547908,0.34642550545209205,0.16896618031399738,0.16976608730625442,0.6946399587064658,0.1774593251380965,0.1508867936119695,4797.37899904897,5147.806120326709,694.1193973569666,1165.2404376854843,0.46901207810756584,0.30914701283857693,0.3551098870330077,54.02754089393909,43341.57175927233,4797.37899904897,2046.9790739773043,47282.14008440982,5147.806120326709,48192.97829921524,59.469788306228146,40.09390860416248,0.1774593251380965,0.16896618031399738
more_secondary,1000.0,100.0,48.0,0.08614002244397108,0.9138599775560289,0.8274695035419404,0.827915404452114,0.13144130819883829,0.08639047401409053,0.5208983647638334,3971.131870557225,4293.49927355951,865.0991636126661,2470.6863585340393,0.6804973357895177,0.9056963274550484,0.9157321376712707,45.314614538469385,35788.638887987225,3971.1318705572253,136.35252896297598,38760.76304894055,4293.49927355951,39805.08537308292,49.60044860339912,49.970087180240526,0.08639047401409053,0.8274695035419405
more_secondary,1000.0,100.0,72.0,0.00893869743114854,0.9910613025688515,0.9798181786060459,0.9798789899983568,0.015236493342627819,0.011243123962807414,0.35015319674119844,3613.0550868995915,3798.0665428166362,810.3995467421627,3583.870706039004,0.700124459469635,0.990167437957218,0.9912663586337122,41.6996216589996,32553.2984613234,3613.0550868995915,21.6702214834092,34226.00501287192,3798.0665428166362,36208.05316988199,43.87698526220684,46.810513412615634,0.011243123962807413,0.9798181786060459
