case,primary_nm,secondary_nm,time_h,shell,A,S,C,R,B,T,U,V,W,P,Q,L,E,D,X,LA,LS,J,H,beta_nm_per_copy,initial_cell_weight,optical_weight,damage_in_per_h,repair_per_h,hazard_per_h,commitment_flux_per_h,permeabilization_flux_per_h,delivery_per_initial_cell_per_h
sampled_peak,8.25404185268019,3.0,0.0,1,0.0,0.0,0.0,415.1347667934616,0.0,0.0,141.00773847342992,0.0,0.0,0.0,0.0,1.0,0.0,0.0,0.0,0.0,0.0,0.0,0.0,0.004151347667934616,0.037037037037037035,0.7,0.0,0.0,0.0,0.0,0.0,0.0
sampled_peak,8.25404185268019,3.0,0.0,2,0.0,0.0,0.0,415.1347667934616,0.0,0.0,141.00773847342992,0.0,0.0,0.0,0.0,1.0,0.0,0.0,0.0,0.0,0.0,0.0,0.0,0.004151347667934616,0.25925925925925924,0.85,0.0,0.0,0.0,0.0,0.0,0.0
sampled_peak,8.25404185268019,3.0,0.0,3,0.0,0.0,0.0,415.1347667934616,0.0,0.0,141.00773847342992,0.0,0.0,0.0,0.0,1.0,0.0,0.0,0.0,0.0,0.0,0.0,0.0,0.004151347667934616,0.7037037037037037,1.0,0.0,0.0,0.0,0.0,0.0,0.0
sampled_peak,8.25404185268019,3.0,6.0,1,0.036907278772124845,0.08971417415206995,0.007198129103429428,406.4995362610095,6.304019864549919,1.2836428370769193,140.44163754990007,1.2712739240530466,0.251523754753158,1.0409680938794472,0.00019916380574472585,0.9999999999956841,4.051859121938391e-12,2.645126820072048e-13,0.0,0.14311320922024945,0.02325074371286192,1.1201540113083164,2.616121417120054e-13,0.004151347667934616,0.037037037037037035,0.7,0.00015595177478509655,5.75207626756439e-06,1.0403391784687796e-11,1.0403391784642895e-11,6.753098536563985e-13,0.6999453165440046
sampled_peak,8.25404185268019,3.0,6.0,2,0.2795190902659722,0.0946366194679509,0.07764978012253593,348.30505860822,45.420212927131196,12.49041940893872,136.16224901543708,10.228558870591996,2.700225876994178,11.961764428782924,0.002377505652285512,0.9999999923211919,7.190863422261107e-09,4.879452700020511e-10,0.0,1.3197884797285049,0.2680711767206245,12.91489887928349,4.82415047914735e-10,0.004151347667934616,0.25925925925925924,0.85,0.0017688403384951206,6.86650558186265e-05,1.7697353055334657e-08,1.769735291944008e-08,1.1984772370435178e-09,7.514242374712611
sampled_peak,8.25404185268019,3.0,6.0,3,2.876055286987798,0.12279700627101009,1.188841618118497,86.80736375921747,188.13925547926596,73.69202221956093,104.0528617070312,69.83619041616227,25.341905540227444,147.77504504254625,0.03165460176873221,0.9999780015833458,2.0372621950818335e-05,1.6257947042515421e-06,0.0,13.186843885343182,3.3570529783245333,161.73316459398055,1.6047249271135483e-06,0.004151347667934616,0.7037037037037037,1.0,0.018701044964137145,0.0009142207486560244,4.1754484535684437e-05,4.175356600313644e-05,3.395436991803056e-06,70.52195969557843
sampled_peak,8.25404185268019,3.0,12.0,1,0.1589385905041256,0.08638497551033526,0.036469947012944134,366.96110624091256,31.835453272930838,7.437592100716469,136.007420256646,10.29043912528038,2.291783918906494,15.969827599765699,0.005344305230600153,0.9999998464110378,1.370199729964969e-07,1.6568989704664355e-08,0.0,2.1513825014622623,0.37724960776663163,18.174801917003567,1.6233931844885172e-08,0.004151347667934616,0.037037037037037035,0.7,0.0023452192479160028,0.00015434958761009434,2.010095723778278e-07,2.0100954150497616e-07,2.2836662166082818e-08,6.377621955205505
sampled_peak,8.25404185268019,3.0,12.0,2,0.897190106442235,0.10086159273604486,0.2913576021425423,203.48751272289735,123.52178386302417,39.23414417303306,113.06644019289061,52.46722412230936,15.695505721115984,131.38195615586594,0.04566618206704118,0.9998873666835627,9.891372334375667e-05,1.3719593094248105e-05,0.0,14.287765985565054,3.154901476667885,151.99408621140682,1.3409163664927739e-05,0.004151347667934616,0.25925925925925924,0.85,0.016623330849080832,0.0013188910561127802,0.00012527781894113114,0.00012526370848490775,1.648562055729278e-05,43.677766066534225
sampled_peak,8.25404185268019,3.0,12.0,3,3.9696499379766,0.1382749517396183,1.8644685278215063,45.9891437529978,162.17099673319694,73.36951519047723,60.9447373553011,125.4043130906865,51.4441633768706,680.1409640279628,0.2245823953648083,0.9797731348231297,0.01661374017941688,0.0036131249974542825,0.0,62.65148408370157,17.23567196143375,830.365141159514,0.0034959776838625815,0.004151347667934616,0.7037037037037037,1.0,0.04708473471265732,0.0064861939229381585,0.013267423194969824,0.012999064814760687,0.00276895669656948,143.15984291226505
sampled_peak,8.25404185268019,3.0,24.0,1,1.2245029033782302,0.09224261408276417,0.35762453719974585,160.70793519024474,140.47680570212287,40.148624973488836,97.4113340087036,76.8379846949245,20.53491927560174,262.5041076971188,0.1368890317023228,0.9941913030777583,0.004570955899844721,0.001237741022397227,0.0,34.95179035894559,6.96616598086663,335.60985675441844,0.0011849513970904248,0.004151347667934616,0.037037037037037035,0.7,0.026919141077868074,0.00395351026558525,0.003285439337100784,0.003266355215735155,0.0007618259833074535,57.144982535237766
sampled_peak,8.25404185268019,3.0,24.0,2,2.8025442267382457,0.1178723509275757,1.1048851191336804,62.36303646496678,150.95733340719136,57.782940499692785,52.889305714990904,129.43211215187185,45.69276990348651,882.6846192933021,0.3906064337346058,0.8398857444410809,0.10632474293518361,0.05378951262373586,0.0,104.04205475286616,25.452864507124243,1226.2458624568812,0.05020296484163639,0.004151347667934616,0.25925925925925924,0.85,0.042856540271784975,0.01128115617715488,0.04744880015562723,0.03985157084154505,0.01772079048919727,127.15475055330405
sampled_peak,8.25404185268019,3.0,24.0,3,4.370124499111192,0.1467084243903428,2.135382996358823,33.501526293625396,130.28004767099011,63.081534956931556,24.412072963037843,138.355093547857,63.83274191044018,1806.1665266799446,0.6117531373528351,0.498462354238094,0.23038505267795975,0.27115259308394757,0.0,199.2367177044778,58.9788414025493,2841.431078302942,0.23923383710340432,0.004151347667934616,0.7037037037037037,1.0,0.03748379581546808,0.017668123431450775,0.08583545512086245,0.042785743036643356,0.03839750877965996,177.6350261080612
sampled_peak,8.25404185268019,3.0,48.0,1,3.2281783841494582,0.12437853824686596,1.3263872536090464,43.672487338770964,125.26516261464243,50.62062573875227,22.827470464076526,135.99296965095357,50.77911199768364,1674.0730005013959,0.6818287503281798,0.257526897987248,0.19244592215181375,0.5500271798609385,0.0,268.2320973612407,64.32348416402131,3098.9206064749364,0.4340229519294948,0.004151347667934616,0.037037037037037035,0.7,0.029878124036526545,0.019691986496445362,0.09320514084622855,0.02400283079859378,0.032074320358635625,141.30912468256992
sampled_peak,8.25404185268019,3.0,48.0,2,3.665231058463171,0.13547612845184562,1.63939966502526,35.44508216152441,114.92228129485152,51.041703078820575,15.58641276494207,125.85251325200818,53.61638740168004,2152.674163213974,0.7505736979112406,0.1080674686966952,0.11423396991635393,0.7776985613869513,0.0,363.4950773955371,98.7342884205969,4756.734261658176,0.5325036586608987,0.004151347667934616,0.25925925925925924,0.85,0.025546577048661877,0.021677418437901188,0.09872439181225706,0.010668895121771362,0.019038994986058988,149.20475121184845
sampled_peak,8.25404185268019,3.0,48.0,3,4.503673761852775,0.1510079164263739,2.24666424211531,26.767632335699084,106.03026997550559,52.90366584421957,10.413556902905222,115.15404505696202,56.80561503404239,2620.9730778997414,0.7806612433872863,0.04868836967141448,0.0612611487643732,0.8900504815642132,0.0,459.4333179061267,143.42689556895007,6909.895631088301,0.523801878138795,0.004151347667934616,0.7037037037037037,1.0,0.023814633400507323,0.022546380826096613,0.10071037079959347,0.0049034237632358335,0.010210191460728867,158.07979741516024
sampled_peak,8.25404185268019,3.0,72.0,1,3.218144967787567,0.13255900771782694,1.39412959435709,37.06446679947486,104.48132514032254,45.293322829448684,13.629053080898629,112.74600340371552,47.771402982004986,2202.6631874235277,0.7747635967177798,0.024347347714064087,0.032273823842724154,0.9433788284432121,0.0,508.6879716039995,133.3158563229222,6422.774818532583,0.46413940362930767,0.004151347667934616,0.037037037037037035,0.7,0.023236283599488202,0.022376050111058813,0.10033922384077434,0.002442993972210642,0.005378970640454026,132.93921210267263
sampled_peak,8.25404185268019,3.0,72.0,2,3.6292403693318396,0.14007897611813366,1.6664193086440426,31.56206005300964,99.91563767332146,45.979993004524104,11.2743815312172,106.57071416783837,48.468450264408496,2360.2586524695967,0.7831585764311166,0.009745792075586963,0.01388053548641164,0.9763736724380017,0.0,593.9438311354924,169.45654661329297,8163.929411270013,0.38475062736835336,0.004151347667934616,0.25925925925925924,0.85,0.022846537980765417,0.02261850663269037,0.1008649836024018,0.0009830091578964964,0.0023134225810686067,134.87896916938337
sampled_peak,8.25404185268019,3.0,72.0,3,4.443297536219614,0.1522051097638986,2.228531986373961,24.73337397967224,95.52049722556592,48.03697639802316,8.665134189973758,100.75546233618186,50.52930637946225,2557.9494628398297,0.7890972686013222,0.00430042136057511,0.006386469263423637,0.9893131093760024,0.0,681.8393391896595,217.3862168767579,10473.043178525782,0.31718428973730195,0.004151347667934616,0.7037037037037037,1.0,0.02274393723662286,0.022790022788273346,0.10122668615277902,0.0004353174033916436,0.0010644115439039394,140.61396063060178
primary_excess,1000.0,3.0,0.0,1,0.0,0.0,0.0,415.1347667934616,0.0,0.0,141.00773847342992,0.0,0.0,0.0,0.0,1.0,0.0,0.0,0.0,0.0,0.0,0.0,0.0,0.004151347667934616,0.037037037037037035,0.7,0.0,0.0,0.0,0.0,0.0,0.0
primary_excess,1000.0,3.0,0.0,2,0.0,0.0,0.0,415.1347667934616,0.0,0.0,141.00773847342992,0.0,0.0,0.0,0.0,1.0,0.0,0.0,0.0,0.0,0.0,0.0,0.0,0.004151347667934616,0.25925925925925924,0.85,0.0,0.0,0.0,0.0,0.0,0.0
primary_excess,1000.0,3.0,0.0,3,0.0,0.0,0.0,415.1347667934616,0.0,0.0,141.00773847342992,0.0,0.0,0.0,0.0,1.0,0.0,0.0,0.0,0.0,0.0,0.0,0.0,0.004151347667934616,0.7037037037037037,1.0,0.0,0.0,0.0,0.0,0.0,0.0
primary_excess,1000.0,3.0,6.0,1,992.394585952542,0.000884894005203639,2.967220952151319,0.3298983792733411,292.97701394539706,0.8237278373789794,71.6400682143417,169.21260792528065,0.38728371919770327,2.854081957266915,0.0008033144469239966,0.9999999995969417,3.6997702116706655e-10,3.3080857671969807e-11,0.0,33.6017105853318,0.06594708339543452,3.1771409513501183,3.2602178488556883e-11,0.004151347667934616,0.037037037037037035,0.7,0.0004265509733627613,2.3200630999518334e-05,6.826536782173559e-10,6.826536779422066e-10,6.166283686117775e-11,1.0777408507288209
primary_excess,1000.0,3.0,6.0,2,993.3631824435677,0.0008890651695285449,2.974999080353453,0.32794217893098715,291.504847052851,0.8324247193649413,70.6624996603385,170.94871279639798,0.415657873459773,3.2344390548813102,0.0009523473262525972,0.9999999992978402,6.422639114808019e-10,5.989647901306582e-11,0.0,34.75112221487871,0.0751016321578492,3.6181808012824876,5.899528659650864e-11,0.004151347667934616,0.25925925925925924,0.85,0.0004831411213125276,2.7504869337741252e-05,1.13744341584313e-09,1.137443415044463e-09,1.0704398524680033e-10,1.1567010125875823
primary_excess,1000.0,3.0,6.0,3,995.2877665283727,0.0008958072703853157,2.9891399948547495,0.32600697650883825,290.3227305228389,0.8491601520738488,69.88112779513239,172.30093967651268,0.4597222451679062,3.8132084138576987,0.0011776391542474224,0.9999999986096653,1.2670335345165275e-09,1.2330160890274144e-10,0.0,35.68892317972832,0.08902064698315564,4.288758933430672,1.213735387688685e-10,0.004151347667934616,0.7037037037037037,1.0,0.0005691374348935575,3.401155247848331e-05,2.150702832212144e-09,2.1507028292219473e-09,2.1117225575275457e-10,1.279324224195689
primary_excess,1000.0,3.0,12.0,1,993.1194239970856,0.0008975226625820905,2.979588866158054,0.27212001584206136,241.8322401949165,0.7149419844762595,35.39290037084917,218.28405563522946,0.5842678120650234,9.207233679057813,0.005616281678090991,0.9999996866402154,2.6094365452755925e-07,5.241612985811661e-08,0.0,102.94715584499109,0.2405909058248888,11.59097840362708,5.077128809449624e-08,0.004151347667934616,0.037037037037037035,0.7,0.0013607992921132494,0.00016220457543330202,2.3328644445839243e-07,2.3328637135580245e-07,4.349060908792654e-08,1.6259121094294622
primary_excess,1000.0,3.0,12.0,2,993.9150024698483,0.0008986149693178557,2.9838805092814975,0.27115608598570395,241.1689142026569,0.715557335868812,34.910408066128205,218.6513524370552,0.5994901316086939,9.773113700814536,0.006145916291736596,0.9999995757455994,3.5143534662925986e-07,7.281905466254009e-08,0.0,104.42469558010995,0.2571713250260619,12.389775349941248,7.046859436091226e-08,0.004151347667934616,0.25925925925925924,0.85,0.0014428561471350858,0.000177501022898944,3.057049850855075e-07,3.057048553888223e-07,5.857255777154331e-08,1.6682730835727786
primary_excess,1000.0,3.0,12.0,3,995.4996865223002,0.0009005734755337129,2.9922114754886198,0.27012824898023335,240.6361555083773,0.7183968782581904,34.52469979889529,218.9259273424963,0.6244095599059185,10.65526729679378,0.006957589557379348,0.9999993595260132,5.271255654417878e-07,1.1334842181760081e-07,0.0,105.62149839092798,0.28289946840402835,13.629283357265862,1.0956725593235778e-07,0.004151347667934616,0.7037037037037037,1.0,0.0015704364281333945,0.00020094306604961717,4.435254194192396e-07,4.4352513535274595e-07,8.785426090696463e-08,1.7376193651783234
primary_excess,1000.0,3.0,24.0,1,993.621251268353,0.00090014748902565,2.98358740300861,0.22506284239521077,199.64939775986122,0.596751161552318,8.675433605888152,217.3143267876922,0.6314177577924356,19.743703615770215,0.02646449799853485,0.999917026681464,5.532574661924725e-05,2.764757191662394e-05,0.0,257.5118735678771,0.6747678120127136,32.50837395406236,2.565163322649511e-05,0.004151347667934616,0.037037037037037035,0.7,0.0028273569637341,0.0007643246738591144,2.4403176368536376e-05,2.440115155601026e-05,9.220957769874542e-06,1.7571219179010087
primary_excess,1000.0,3.0,24.0,2,994.2885569944785,0.0009006551723967798,2.9868268032629235,0.2246240396397489,199.38231936961824,0.5967361496138813,8.557857693042463,217.1190245755338,0.6352284783372956,20.210918429373177,0.027598560702558884,0.9999036598404988,6.375660719874679e-05,3.2583552303361556e-05,0.0,258.9815049738727,0.697084477868473,33.583526778680394,3.018594823091799e-05,0.004151347667934616,0.25925925925925924,0.85,0.0028895681003642676,0.0007970776891037997,2.767596875042745e-05,2.7673302443183684e-05,1.0626101199791131e-05,1.7677264669649742
primary_excess,1000.0,3.0,24.0,3,995.621593624915,0.0009016168792988957,2.9932452556184215,0.22409190895382963,199.16671167182375,0.5974891992854304,8.463814354090392,216.9564389876021,0.6422858842170066,20.969466354570145,0.029378257845741506,0.9998799848876572,7.860354462884722e-05,4.1411567714293416e-05,0.0,260.1693351067521,0.7326301694090861,35.29601604163327,3.8286093649227024e-05,0.004151347667934616,0.7037037037037037,1.0,0.002990307835227095,0.0008484773581474506,3.3381126780542144e-05,3.337712054086145e-05,1.3100590771474538e-05,1.7873659566716296
primary_excess,1000.0,3.0,48.0,1,993.6797338308673,0.0009010040878462312,2.984535000045941,0.18854987160896944,164.72385793390055,0.4945142533095593,0.5767371241311027,178.4195729288093,0.5340380617509772,25.591132149705313,0.07123494483802384,0.9951137510987522,0.0019580776751505842,0.002928171226096548,0.0,531.0768160042512,1.4829521548045805,71.44437293262817,0.00240904698115526,0.004151347667934616,0.037037037037037035,0.7,0.0034762609363917125,0.002057345882159144,0.0004741367567182244,0.0004718200065116688,0.00032634627919176404,1.4861317593866001
primary_excess,1000.0,3.0,48.0,2,994.3082065377658,0.000901326822742386,2.9874521621499968,0.1883223032526641,164.6172184357001,0.49441145416085736,0.5696866978230984,178.27402506954687,0.5341499534450674,25.73851520665112,0.07236265370669935,0.9947848825123069,0.0020676233207090945,0.0031474941669848676,0.0,532.2836619852214,1.506926490032761,72.59938750360018,0.002582373535846264,0.004151347667934616,0.25925925925925924,0.85,0.0034915342833281558,0.002089915391443097,0.0004969183318285095,0.0004943268443462353,0.0003446038867848491,1.486443133822448
primary_excess,1000.0,3.0,48.0,3,995.5650583498486,0.000901966736215002,2.9932830039162006,0.18799713263086,164.5310709234575,0.49457227033883244,0.5639992682054777,178.1561721844644,0.534783838449645,25.9998443258083,0.07419951318475244,0.9942241936154613,0.0022534763920576987,0.0035223299924812697,0.0,533.2592810737858,1.5460775912081397,74.48557504109719,0.002878134516738974,0.004151347667934616,0.7037037037037037,1.0,0.0035191041207863413,0.002142965973455485,0.0005355552676186274,0.0005324620040846424,0.00037557939867628314,1.4882071216438648
primary_excess,1000.0,3.0,72.0,1,993.5797039049038,0.0009010777693203736,2.984293628696392,0.17342811286870588,149.76064598723607,0.44979813095760496,0.09070402266194817,157.4799068919156,0.4728433919073203,24.21271021881548,0.09351408712378785,0.9763274279660669,0.0055311585468889824,0.018141413487043633,0.0,762.7418556812532,2.175733639799252,104.82059388110613,0.012635043939221128,0.004151347667934616,0.037037037037037035,0.7,0.003214441761988241,0.002700792743020443,0.001067320322567772,0.0010420541053485057,0.0009218597578148304,1.3158380127917308
primary_excess,1000.0,3.0,72.0,2,994.2058561687321,0.0009013846060368706,2.9871877149205215,0.17327142414892407,149.71354280198653,0.4498133485431979,0.09023111767094126,157.41285250788405,0.4728343236864841,24.249266096570157,0.09418973432206451,0.9754255991807709,0.005669518995106139,0.018904881824123712,0.0,763.8073407773546,2.1997091894924616,105.97566696151291,0.013111726957520985,0.004151347667934616,0.25925925925925924,0.85,0.0032167805571107237,0.0027203061992928886,0.0010904105730692984,0.001063614386589168,0.0009449198325176899,1.3158127775660962
primary_excess,1000.0,3.0,72.0,3,995.4581542118252,0.0009019969747326695,2.992977161464262,0.17301507637658156,149.67543270171657,0.45001053443583394,0.08980726211729226,157.35862719192767,0.47304604589552873,24.32493207769365,0.095330593246476,0.9738896634528886,0.005905920889836826,0.020204415657274877,0.0,764.6690646460941,2.2393107685109754,107.88355722685493,0.013922669110377641,0.004151347667934616,0.7037037037037037,1.0,0.0032225158027849926,0.0027532554970792415,0.001130137036464478,0.0011006287780980354,0.0009843201483061377,1.3164019623481642
more_secondary,1000.0,100.0,0.0,1,0.0,0.0,0.0,415.1347667934616,0.0,0.0,141.00773847342992,0.0,0.0,0.0,0.0,1.0,0.0,0.0,0.0,0.0,0.0,0.0,0.0,0.004151347667934616,0.037037037037037035,0.7,0.0,0.0,0.0,0.0,0.0,0.0
more_secondary,1000.0,100.0,0.0,2,0.0,0.0,0.0,415.1347667934616,0.0,0.0,141.00773847342992,0.0,0.0,0.0,0.0,1.0,0.0,0.0,0.0,0.0,0.0,0.0,0.0,0.004151347667934616,0.25925925925925924,0.85,0.0,0.0,0.0,0.0,0.0,0.0
more_secondary,1000.0,100.0,0.0,3,0.0,0.0,0.0,415.1347667934616,0.0,0.0,141.00773847342992,0.0,0.0,0.0,0.0,1.0,0.0,0.0,0.0,0.0,0.0,0.0,0.0,0.004151347667934616,0.7037037037037037,1.0,0.0,0.0,0.0,0.0,0.0,0.0
more_secondary,1000.0,100.0,6.0,1,896.0729112460754,0.03266982265647824,98.9300649834487,0.330124073680126,266.26518047765796,27.631040344737638,71.70374399061085,156.33315491592685,13.150956038044338,97.74152117796969,0.025811123188947255,0.9999860833497004,1.2741303141964727e-05,1.1753471585503367e-06,0.0,33.52796434968238,2.2597526508454386,108.86838836939506,1.1579375001463754e-06,0.004151347667934616,0.037037037037037035,0.7,0.01301108242202485,0.0007454544693960089,2.2640315245113708e-05,2.264000016776377e-05,2.123550523660788e-06,36.59674250624497
more_secondary,1000.0,100.0,6.0,2,896.8878872297737,0.03282817928562185,99.18232824440446,0.3280821151526571,264.4920983050609,27.891454838838648,70.69350164627132,157.22688032325598,14.081736488595823,110.39630618293396,0.030182234703916667,0.9999766432196562,2.1300878226282732e-05,2.055902118715469e-06,0.0,34.714379204490484,2.5646781311842863,123.55882168068428,2.024158590216176e-06,0.004151347667934616,0.25925925925925924,0.85,0.014462984751000697,0.0008716971203340989,3.61965235480065e-05,3.619567811375678e-05,3.550146371047122e-06,39.18693689060282
more_secondary,1000.0,100.0,6.0,3,898.5311089226234,0.03307895051377985,99.64125610174023,0.3260502575710825,262.7907654688324,28.38931053166105,69.88663602908562,157.27374400186935,15.477094275962934,128.95328614941099,0.03639254695129621,0.9999569251400461,3.912041121071287e-05,3.954448744847442e-06,0.0,35.68227218041062,3.011433465408139,145.08220974449912,3.890816151270213e-06,0.004151347667934616,0.7037037037037037,1.0,0.016510029576048735,0.0010510579713619334,6.343828097657009e-05,6.34355483815013e-05,6.520068535118812e-06,43.0699663449353
more_secondary,1000.0,100.0,12.0,1,896.5663203018074,0.033139533115587205,99.32162496233128,0.2722262573886447,218.71678769103573,23.87351020758794,35.424337719117815,199.20788025478558,19.635133682261305,311.5759165348917,0.14790556017988557,0.9935986399979729,0.005222312733645148,0.0011790472683821049,0.0,102.85182894471534,8.151471455066401,392.71446802825494,0.0011387415575213754,0.004151347667934616,0.037037037037037035,0.7,0.03036333269552389,0.004271680084492791,0.004114756118291568,0.00408841608305784,0.0008703854556075247,54.641041257124755
more_secondary,1000.0,100.0,12.0,2,897.2734384777239,0.03318052023333063,99.46325741489481,0.27122383941217004,218.01951644452402,23.885950418634284,34.92571712714349,199.11111469740845,20.12768256690883,330.19473376206037,0.15880167724344524,0.9918030486445197,0.006638727917223973,0.001558223438257411,0.0,104.37758669040882,8.698341363962845,419.06108857851723,0.0015031541652594316,0.004151347667934616,0.25925925925925924,0.85,0.031321645903468524,0.004586372285395187,0.00505161882916568,0.0050102109553565805,0.001106454652870662,56.01171610776202
more_secondary,1000.0,100.0,12.0,3,898.6858772994011,0.03325297455852531,99.73840726939102,0.2701507264755387,217.39279724987946,23.96547753457971,34.52742140101713,198.64042221274332,20.907816966965434,358.2000793698756,0.17417097953571894,0.9887523367311848,0.009025586347317512,0.0022220769214997722,0.0,105.61302144787038,9.516883640528864,458.49610303844867,0.0021403755731800233,0.004151347667934616,0.7037037037037037,1.0,0.03266956303081922,0.0050302551416894796,0.00657647225701295,0.006502502311569363,0.0015042643912195853,58.182689661056706
more_secondary,1000.0,100.0,24.0,1,896.9909027067954,0.03323645533448828,99.45088509841298,0.22511816615369068,180.3588138556731,19.904494082149377,8.683067739669456,196.85665780821458,21.101627331433782,662.6742633941018,0.44937420203021167,0.6908529871614231,0.165127345080273,0.14401966775830277,0.0,257.4168144628718,22.691902539406637,1093.2306496360661,0.12949740455153894,0.004151347667934616,0.037037037037037035,0.7,0.03291855354131959,0.012978435881400685,0.059874753479836444,0.04136465229709882,0.0275212241800455,58.72202900512955
more_secondary,1000.0,100.0,24.0,2,897.5905204478865,0.03325539592112822,99.55852359360068,0.22466148454818513,180.08613219870458,19.901266472582567,8.561561076824328,196.53864317750674,21.22193801055129,677.8871321627661,0.4593735238004698,0.6718208884656054,0.17162594130105174,0.15655317023334508,0.0,258.9346067304947,23.422776623540678,1128.4420625359965,0.14027886438627518,0.004151347667934616,0.25925925925925924,0.85,0.032762966396592826,0.01326722761859094,0.06185485540441775,0.041555383913707486,0.02860432355017529,59.05683196026662
more_secondary,1000.0,100.0,24.0,3,898.7893194857578,0.03329097171954068,99.77184797718854,0.22410543690289522,179.84412882290775,19.92144841300446,8.46444702417682,196.16089964512088,21.439147146044657,701.754712637086,0.47359669685635664,0.6448901129669923,0.18025751813373528,0.17485236889927425,0.0,260.1608538045583,24.546663922504713,1182.5877226378964,0.1559207353825111,0.004151347667934616,0.7037037037037037,1.0,0.03256103796736416,0.013678008964520278,0.0645907772701253,0.04165395365035694,0.03004291968895588,59.66128587058758
more_secondary,1000.0,100.0,48.0,1,897.034601609566,0.033268192186626556,99.48126756100334,0.18858494967185707,148.73808093939329,16.48719239464124,0.577197758797262,161.1538927761036,17.80913354446968,854.8435333646717,0.6760003331424532,0.09430367254495164,0.09243003992020708,0.8132662875348403,0.0,530.9987950588716,49.66336457847046,2392.6381768539773,0.5209284591733687,0.004151347667934616,0.037037037037037035,0.7,0.022398305979189157,0.019523655207303134,0.09266531770788013,0.008738679777397836,0.015405006653367847,49.55961168912922
more_secondary,1000.0,100.0,48.0,2,897.6017926947476,0.03328012132133991,99.57848160906441,0.18834752623605167,148.63225809800466,16.482758985632284,0.5699109135540203,161.00158688990462,17.811219370861675,859.5606497242701,0.6782239968171788,0.09005536417091571,0.0893097928050689,0.8206348430240175,0.0,532.2451874028395,50.44473540431255,2430.2823776458063,0.5210178575603398,0.004151347667934616,0.25925925925925924,0.85,0.022310591784342918,0.0195878771325802,0.092872719962512,0.00836368661776749,0.014884965467511483,49.56541616837467
more_secondary,1000.0,100.0,48.0,3,898.7361473599974,0.03330374503827274,99.77279523204827,0.18800704158641138,148.53975485273529,16.486490448062845,0.5640362200402846,160.86257304423026,17.829218535099738,867.6794387424959,0.6815715660765406,0.08426786232872933,0.08499706362235551,0.8307350740489173,0.0,533.2523622116497,51.67763287924169,2489.679834739181,0.5208527571856714,0.004151347667934616,0.7037037037037037,1.0,0.022190141340238813,0.019684558723990855,0.09318157851134322,0.007852212429567554,0.014166177270392585,49.61550460126443
more_secondary,1000.0,100.0,72.0,1,896.9435056195249,0.033270902058800775,99.47310619201644,0.173456822808283,135.2181242296036,14.99536269139738,0.090740977753406,142.192942166128,15.764144007482066,807.6837679326004,0.6991300301132632,0.009832562042782093,0.012289657830386175,0.9778777801268309,0.0,762.6729799563309,72.76224043898432,3505.475631492223,0.3580641908850684,0.004151347667934616,0.037037037037037035,0.7,0.020164571529051985,0.020191667050741584,0.09473707457235916,0.0009315081634843953,0.0020482763050643626,43.86877405750786
more_secondary,1000.0,100.0,72.0,2,897.5088306444707,0.03328223268052393,99.56958181691769,0.17329284341993018,135.1696367343323,14.995212459091297,0.09025155103253757,142.1247708618483,15.763044639835167,808.8163668778201,0.6995913807343409,0.009367583234108403,0.011745374035094203,0.9788870427307995,0.0,763.7733596963632,73.54211069960856,3543.047539364359,0.3540113341486883,0.004151347667934616,0.25925925925925924,0.85,0.020149259963240223,0.02020499137916865,0.09477652254133759,0.0008878269635453312,0.001957562339182367,43.86571471531427
more_secondary,1000.0,100.0,72.0,3,898.6394501314018,0.03330484075941309,99.76257075774967,0.17302385293178882,135.12505416878525,15.000654786379023,0.08981236828030636,142.0633108583869,15.768742105978673,811.125759261108,0.7003731952856049,0.008733641366287875,0.011003003732618661,0.9802633549010954,0.0,764.6629510002568,74.78729367644597,3603.0368766321244,0.3483154095834985,0.004151347667934616,0.7037037037037037,1.0,0.02012850445858288,0.020227571068832374,0.09484320944583384,0.0008283265773276394,0.0018338339554364435,43.88156973762511
